,Unnamed: 0,0,1,2,3,4,5,6,7,8,9,10,11,Clusters
0,0,0.0,0.0,0.0,0.0,0.0,0.0,0.0,0.0,4.0,6.0,0.0,0.0,3
1,1,0.0,0.0,0.0,0.0,0.0,0.0,0.0,0.0,3.0,7.0,0.0,0.0,3
2,2,0.0,0.0,0.0,0.0,0.0,0.0,0.0,0.0,7.0,3.0,0.0,0.0,1
3,3,0.0,0.0,0.0,0.0,0.0,0.0,0.0,0.0,6.0,4.0,0.0,0.0,1
4,4,0.0,0.0,0.0,0.0,0.0,0.0,0.0,0.0,2.0,8.0,0.0,0.0,3
5,5,0.0,0.0,0.0,0.0,0.0,0.0,0.0,0.0,5.0,5.0,0.0,0.0,3
6,6,0.0,4.0,0.0,0.0,0.0,0.0,0.0,0.0,0.0,6.0,0.0,0.0,3
7,7,0.0,3.0,0.0,0.0,0.0,0.0,0.0,0.0,0.0,7.0,0.0,0.0,3
8,8,0.0,0.0,0.0,0.0,0.0,0.0,0.0,1.0,5.0,4.0,0.0,0.0,1
9,9,0.0,0.0,0.0,0.0,0.0,0.0,0.0,1.0,4.0,5.0,0.0,0.0,3
10,10,0.0,0.0,0.0,0.0,0.0,0.0,0.0,0.0,8.0,2.0,0.0,0.0,1
11,11,0.0,0.0,0.0,0.0,0.0,0.0,0.0,1.0,8.0,1.0,0.0,0.0,1
12,12,1.0,0.0,0.0,0.0,0.0,0.0,5.0,0.0,2.0,2.0,0.0,0.0,0
13,13,0.0,0.0,0.0,0.0,0.0,0.0,7.0,0.0,1.0,2.0,0.0,0.0,0
14,14,0.0,0.0,0.0,0.0,0.0,0.0,6.0,0.0,4.0,0.0,0.0,0.0,0
15,15,0.0,0.0,0.0,0.0,0.0,0.0,3.0,0.0,3.0,4.0,0.0,0.0,3
16,16,1.0,0.0,0.0,0.0,0.0,0.0,7.0,0.0,1.0,1.0,0.0,0.0,0
17,17,0.0,0.0,0.0,0.0,0.0,0.0,7.0,0.0,2.0,1.0,0.0,0.0,0
18,18,2.0,0.0,0.0,0.0,0.0,0.0,3.0,0.0,4.0,1.0,0.0,0.0,1
19,19,1.0,0.0,0.0,0.0,0.0,0.0,4.0,0.0,4.0,1.0,0.0,0.0,1
20,20,0.0,0.0,0.0,0.0,0.0,0.0,8.0,0.0,1.0,1.0,0.0,0.0,0
21,21,0.0,0.0,0.0,0.0,0.0,0.0,4.0,0.0,4.0,2.0,0.0,0.0,1
22,22,0.0,0.0,0.0,0.0,0.0,0.0,3.0,0.0,4.0,3.0,0.0,0.0,1
23,23,0.0,0.0,0.0,0.0,0.0,0.0,8.0,0.0,2.0,0.0,0.0,0.0,0
24,24,0.0,0.0,0.0,0.0,0.0,0.0,5.0,0.0,4.0,1.0,0.0,0.0,1
25,25,0.0,0.0,0.0,0.0,0.0,0.0,6.0,0.0,2.0,2.0,0.0,0.0,0
26,26,0.0,0.0,0.0,0.0,0.0,0.0,5.0,0.0,3.0,2.0,0.0,0.0,0
27,27,1.0,0.0,0.0,0.0,0.0,0.0,2.0,0.0,3.0,4.0,0.0,0.0,3
28,28,2.0,0.0,0.0,0.0,0.0,0.0,5.0,0.0,2.0,1.0,0.0,0.0,0
29,29,0.0,0.0,0.0,0.0,0.0,0.0,6.0,0.0,3.0,1.0,0.0,0.0,0
30,30,0.0,0.0,0.0,0.0,0.0,0.0,4.0,0.0,5.0,1.0,0.0,0.0,1
31,31,1.0,0.0,0.0,0.0,0.0,0.0,5.0,0.0,4.0,0.0,0.0,0.0,0
32,32,0.0,0.0,0.0,0.0,0.0,0.0,7.0,0.0,3.0,0.0,0.0,0.0,0
33,33,0.0,0.0,0.0,0.0,0.0,0.0,6.0,0.0,1.0,3.0,0.0,0.0,0
34,34,0.0,0.0,0.0,0.0,0.0,0.0,8.0,0.0,2.0,0.0,0.0,1.0,0
35,35,2.0,1.0,0.0,0.0,0.0,0.0,0.0,0.0,2.0,6.0,0.0,0.0,3
36,36,1.0,1.0,0.0,0.0,0.0,0.0,0.0,0.0,0.0,8.0,0.0,0.0,3
37,37,0.0,2.0,0.0,0.0,0.0,0.0,0.0,0.0,2.0,6.0,0.0,0.0,3
38,38,0.0,1.0,0.0,0.0,0.0,0.0,0.0,0.0,3.0,6.0,0.0,0.0,3
39,39,2.0,1.0,0.0,0.0,0.0,0.0,0.0,0.0,2.0,5.0,0.0,0.0,3
40,40,1.0,0.0,0.0,0.0,0.0,0.0,0.0,0.0,1.0,8.0,0.0,0.0,3
41,41,0.0,0.0,0.0,0.0,0.0,0.0,0.0,0.0,1.0,9.0,0.0,0.0,3
42,42,1.0,3.0,0.0,0.0,0.0,0.0,0.0,0.0,1.0,5.0,0.0,0.0,3
43,43,0.0,2.0,0.0,0.0,0.0,0.0,0.0,0.0,3.0,5.0,0.0,0.0,3
44,44,0.0,2.0,0.0,0.0,0.0,0.0,0.0,0.0,1.0,7.0,0.0,0.0,3
45,45,0.0,1.0,0.0,0.0,0.0,0.0,0.0,0.0,0.0,9.0,0.0,0.0,3
46,46,0.0,1.0,0.0,0.0,0.0,0.0,0.0,0.0,1.0,8.0,0.0,0.0,3
47,47,3.0,1.0,0.0,0.0,0.0,0.0,0.0,0.0,3.0,3.0,0.0,0.0,2
48,48,2.0,1.0,0.0,0.0,0.0,0.0,0.0,0.0,4.0,3.0,0.0,0.0,1
49,49,1.0,0.0,0.0,0.0,0.0,0.0,0.0,0.0,3.0,6.0,0.0,0.0,3
50,50,1.0,0.0,0.0,0.0,0.0,0.0,0.0,0.0,0.0,9.0,0.0,0.0,3
51,51,2.0,0.0,0.0,0.0,0.0,0.0,0.0,0.0,1.0,7.0,0.0,0.0,3
52,52,1.0,0.0,0.0,0.0,0.0,0.0,0.0,0.0,4.0,5.0,0.0,0.0,3
53,53,4.0,0.0,0.0,0.0,0.0,0.0,0.0,0.0,3.0,3.0,0.0,0.0,2
54,54,0.0,1.0,0.0,0.0,0.0,0.0,0.0,0.0,4.0,5.0,0.0,0.0,3
55,55,1.0,2.0,0.0,0.0,0.0,0.0,0.0,0.0,0.0,7.0,0.0,0.0,3
56,56,0.0,1.0,0.0,0.0,0.0,0.0,0.0,0.0,2.0,7.0,0.0,0.0,3
57,57,0.0,0.0,0.0,0.0,0.0,0.0,1.0,0.0,7.0,2.0,0.0,0.0,1
58,58,0.0,0.0,0.0,0.0,0.0,0.0,0.0,0.0,10.0,0.0,0.0,0.0,1
59,59,0.0,0.0,0.0,0.0,0.0,0.0,3.0,0.0,6.0,1.0,0.0,0.0,1
60,60,0.0,0.0,0.0,0.0,0.0,0.0,1.0,0.0,8.0,1.0,0.0,0.0,1
61,61,0.0,0.0,0.0,0.0,0.0,0.0,2.0,0.0,6.0,2.0,0.0,0.0,1
62,62,0.0,0.0,0.0,0.0,0.0,0.0,1.0,0.0,5.0,4.0,0.0,0.0,1
63,63,0.0,0.0,0.0,0.0,0.0,0.0,2.0,0.0,8.0,0.0,0.0,0.0,1
64,64,0.0,0.0,0.0,0.0,0.0,0.0,2.0,0.0,7.0,1.0,0.0,0.0,1
65,65,0.0,0.0,0.0,0.0,0.0,0.0,0.0,0.0,9.0,1.0,0.0,0.0,1
66,66,0.0,1.0,0.0,0.0,0.0,0.0,1.0,0.0,5.0,3.0,0.0,0.0,1
67,67,0.0,1.0,0.0,0.0,0.0,0.0,0.0,0.0,7.0,2.0,0.0,0.0,1
68,68,0.0,2.0,0.0,0.0,0.0,0.0,1.0,0.0,5.0,2.0,0.0,0.0,1
69,69,0.0,1.0,0.0,0.0,0.0,0.0,0.0,0.0,5.0,4.0,0.0,0.0,1
70,70,0.0,3.0,0.0,0.0,0.0,0.0,0.0,0.0,6.0,1.0,0.0,0.0,1
71,71,0.0,1.0,0.0,0.0,0.0,0.0,2.0,0.0,6.0,1.0,0.0,0.0,1
72,72,0.0,1.0,0.0,0.0,0.0,0.0,0.0,0.0,6.0,3.0,0.0,0.0,1
73,73,0.0,1.0,0.0,0.0,0.0,0.0,2.0,0.0,5.0,2.0,0.0,0.0,1
74,74,0.0,1.0,0.0,0.0,0.0,0.0,3.0,0.0,4.0,2.0,0.0,0.0,1
75,75,0.0,2.0,0.0,0.0,0.0,0.0,0.0,0.0,4.0,4.0,0.0,0.0,1
76,76,0.0,2.0,0.0,0.0,0.0,0.0,0.0,0.0,7.0,1.0,0.0,0.0,1
77,77,0.0,1.0,0.0,0.0,0.0,0.0,1.0,0.0,4.0,4.0,0.0,0.0,1
78,78,0.0,1.0,0.0,0.0,0.0,0.0,0.0,0.0,8.0,1.0,0.0,0.0,1
79,79,0.0,0.0,0.0,0.0,0.0,0.0,2.0,0.0,4.0,4.0,0.0,0.0,1
80,80,0.0,0.0,0.0,0.0,0.0,0.0,1.0,0.0,3.0,6.0,0.0,0.0,3
81,81,0.0,3.0,0.0,0.0,0.0,0.0,1.0,0.0,5.0,1.0,0.0,0.0,1
82,82,0.0,1.0,0.0,0.0,0.0,0.0,3.0,0.0,5.0,1.0,0.0,0.0,1
83,83,0.0,1.0,0.0,0.0,0.0,0.0,1.0,0.0,6.0,2.0,0.0,0.0,1
84,84,0.0,1.0,0.0,0.0,0.0,0.0,1.0,0.0,7.0,1.0,0.0,0.0,1
85,85,0.0,0.0,0.0,0.0,0.0,0.0,1.0,0.0,4.0,5.0,0.0,0.0,3
86,86,0.0,3.0,0.0,0.0,0.0,0.0,0.0,0.0,3.0,4.0,0.0,0.0,3
87,87,0.0,2.0,0.0,0.0,0.0,0.0,0.0,0.0,5.0,3.0,0.0,0.0,1
88,88,0.0,2.0,0.0,0.0,0.0,0.0,1.0,0.0,6.0,1.0,0.0,0.0,1
89,89,0.0,3.0,0.0,0.0,0.0,0.0,0.0,0.0,5.0,2.0,0.0,0.0,1
90,90,0.0,2.0,0.0,0.0,0.0,0.0,1.0,0.0,4.0,3.0,0.0,0.0,1
91,91,8.0,0.0,0.0,0.0,0.0,0.0,0.0,0.0,0.0,1.0,0.0,1.0,2
92,92,9.0,0.0,0.0,0.0,0.0,0.0,0.0,0.0,0.0,0.0,0.0,1.0,2
93,93,10.0,0.0,0.0,0.0,0.0,0.0,0.0,0.0,0.0,0.0,0.0,0.0,2
94,94,7.0,0.0,0.0,0.0,0.0,0.0,0.0,0.0,0.0,3.0,0.0,0.0,2
95,95,0.0,4.0,3.0,1.0,0.0,0.0,0.0,0.0,2.0,1.0,0.0,0.0,0
96,96,0.0,6.0,1.0,0.0,0.0,0.0,0.0,0.0,3.0,0.0,0.0,0.0,0
97,97,0.0,4.0,2.0,1.0,0.0,0.0,0.0,0.0,2.0,1.0,0.0,0.0,0
98,98,0.0,6.0,2.0,0.0,0.0,0.0,0.0,0.0,2.0,0.0,0.0,0.0,0
99,99,0.0,7.0,0.0,0.0,0.0,0.0,0.0,0.0,2.0,1.0,0.0,0.0,0
100,100,0.0,4.0,1.0,0.0,0.0,0.0,0.0,0.0,4.0,1.0,0.0,0.0,1
101,101,0.0,6.0,0.0,0.0,0.0,0.0,0.0,0.0,3.0,1.0,0.0,0.0,0
102,102,3.0,4.0,1.0,0.0,0.0,2.0,0.0,0.0,0.0,0.0,0.0,0.0,2
103,103,5.0,5.0,0.0,0.0,0.0,0.0,0.0,0.0,0.0,0.0,0.0,0.0,2
104,104,0.0,1.0,0.0,0.0,0.0,0.0,4.0,0.0,2.0,3.0,0.0,0.0,0
105,105,0.0,1.0,0.0,0.0,0.0,0.0,3.0,0.0,2.0,4.0,0.0,0.0,3
106,106,0.0,2.0,0.0,0.0,0.0,0.0,5.0,0.0,2.0,1.0,0.0,0.0,0
107,107,0.0,1.0,0.0,0.0,0.0,0.0,5.0,0.0,3.0,1.0,0.0,0.0,0
108,108,0.0,2.0,0.0,0.0,0.0,0.0,4.0,0.0,3.0,1.0,0.0,0.0,0
109,109,0.0,1.0,0.0,0.0,0.0,0.0,2.0,0.0,1.0,6.0,0.0,0.0,3
110,110,0.0,1.0,0.0,0.0,0.0,0.0,6.0,0.0,1.0,2.0,0.0,0.0,0
111,111,0.0,3.0,0.0,0.0,0.0,0.0,5.0,0.0,1.0,1.0,0.0,0.0,0
112,112,0.0,2.0,0.0,0.0,0.0,0.0,5.0,0.0,0.0,3.0,0.0,0.0,0
113,113,0.0,2.0,0.0,0.0,0.0,0.0,3.0,0.0,4.0,1.0,0.0,0.0,0
114,114,0.0,0.0,0.0,0.0,0.0,0.0,2.0,0.0,2.0,6.0,0.0,0.0,3
115,115,0.0,2.0,0.0,0.0,0.0,0.0,5.0,0.0,1.0,2.0,0.0,0.0,0
116,116,0.0,1.0,0.0,0.0,0.0,0.0,4.0,0.0,4.0,1.0,0.0,0.0,0
117,117,0.0,1.0,0.0,0.0,0.0,0.0,5.0,0.0,2.0,2.0,0.0,0.0,0
118,118,0.0,1.0,0.0,0.0,0.0,0.0,7.0,0.0,1.0,1.0,0.0,0.0,0
119,119,0.0,0.0,0.0,0.0,0.0,0.0,1.0,0.0,2.0,7.0,0.0,0.0,3
120,120,0.0,0.0,0.0,0.0,0.0,0.0,1.0,0.0,1.0,8.0,0.0,0.0,3
121,121,0.0,2.0,0.0,0.0,0.0,0.0,0.0,0.0,8.0,0.0,0.0,0.0,1
122,122,0.0,1.0,0.0,0.0,0.0,0.0,0.0,0.0,9.0,0.0,0.0,0.0,1
123,123,0.0,3.0,0.0,0.0,0.0,0.0,0.0,0.0,7.0,0.0,0.0,0.0,1
124,124,0.0,0.0,0.0,0.0,0.0,0.0,0.0,0.0,0.0,10.0,0.0,0.0,3
125,125,0.0,0.0,1.0,0.0,0.0,0.0,0.0,0.0,0.0,9.0,0.0,0.0,3
126,126,0.0,5.0,0.0,0.0,0.0,0.0,2.0,1.0,2.0,0.0,0.0,0.0,0
127,127,0.0,9.0,0.0,0.0,0.0,0.0,1.0,0.0,0.0,0.0,0.0,0.0,0
128,128,0.0,3.0,0.0,0.0,0.0,0.0,4.0,0.0,3.0,0.0,0.0,0.0,0
129,129,0.0,4.0,0.0,0.0,0.0,0.0,5.0,0.0,1.0,0.0,0.0,0.0,0
130,130,0.0,3.0,0.0,0.0,0.0,0.0,2.0,0.0,5.0,0.0,0.0,0.0,1
131,131,0.0,6.0,0.0,0.0,0.0,0.0,4.0,0.0,0.0,0.0,0.0,0.0,0
132,132,0.0,7.0,0.0,0.0,0.0,0.0,1.0,0.0,2.0,0.0,0.0,0.0,0
133,133,0.0,7.0,0.0,0.0,0.0,0.0,0.0,0.0,3.0,0.0,0.0,0.0,0
134,134,0.0,6.0,0.0,0.0,0.0,0.0,2.0,0.0,2.0,0.0,0.0,0.0,0
135,135,0.0,5.0,0.0,0.0,0.0,0.0,3.0,0.0,2.0,0.0,0.0,0.0,0
136,136,0.0,7.0,0.0,0.0,0.0,0.0,2.0,0.0,1.0,0.0,0.0,0.0,0
137,137,0.0,5.0,0.0,0.0,0.0,0.0,3.0,1.0,1.0,0.0,0.0,0.0,0
138,138,0.0,6.0,0.0,0.0,0.0,0.0,0.0,1.0,3.0,0.0,0.0,0.0,0
139,139,0.0,8.0,0.0,0.0,0.0,0.0,0.0,0.0,2.0,0.0,0.0,0.0,0
140,140,0.0,3.0,0.0,0.0,0.0,0.0,3.0,0.0,4.0,0.0,0.0,0.0,0
141,141,0.0,7.0,0.0,0.0,0.0,0.0,3.0,0.0,0.0,0.0,0.0,0.0,0
142,142,0.0,5.0,0.0,0.0,0.0,0.0,1.0,0.0,4.0,0.0,0.0,0.0,0
143,143,0.0,6.0,0.0,0.0,0.0,0.0,2.0,1.0,1.0,0.0,0.0,0.0,0
144,144,0.0,6.0,0.0,0.0,0.0,0.0,0.0,0.0,4.0,0.0,0.0,0.0,0
145,145,0.0,5.0,0.0,0.0,0.0,0.0,2.0,0.0,3.0,0.0,0.0,0.0,0
146,146,0.0,5.0,0.0,0.0,0.0,0.0,4.0,0.0,1.0,0.0,0.0,0.0,0
147,147,0.0,4.0,0.0,0.0,0.0,0.0,2.0,0.0,4.0,0.0,0.0,0.0,0
148,148,0.0,6.0,0.0,0.0,0.0,0.0,3.0,0.0,1.0,0.0,0.0,0.0,0
149,149,0.0,4.0,0.0,0.0,0.0,0.0,1.0,0.0,5.0,0.0,0.0,0.0,1
150,150,0.0,9.0,0.0,0.0,0.0,0.0,0.0,0.0,1.0,0.0,0.0,0.0,0
151,151,0.0,4.0,0.0,0.0,0.0,0.0,3.0,0.0,3.0,0.0,0.0,0.0,0
152,152,0.0,8.0,0.0,0.0,0.0,0.0,1.0,0.0,1.0,0.0,0.0,0.0,0
153,153,6.0,0.0,0.0,0.0,0.0,0.0,0.0,0.0,3.0,1.0,0.0,0.0,2
154,154,8.0,0.0,0.0,0.0,0.0,0.0,0.0,0.0,1.0,1.0,0.0,0.0,2
155,155,6.0,0.0,0.0,0.0,0.0,0.0,0.0,0.0,2.0,2.0,0.0,0.0,2
156,156,3.0,0.0,0.0,0.0,0.0,0.0,0.0,0.0,5.0,2.0,0.0,0.0,1
157,157,6.0,0.0,0.0,0.0,0.0,0.0,0.0,0.0,4.0,0.0,0.0,0.0,2
158,158,4.0,0.0,0.0,0.0,0.0,0.0,0.0,0.0,5.0,1.0,0.0,0.0,2
159,159,7.0,0.0,0.0,0.0,0.0,0.0,0.0,0.0,2.0,1.0,0.0,0.0,2
160,160,7.0,0.0,0.0,0.0,0.0,0.0,0.0,0.0,3.0,0.0,0.0,0.0,2
161,161,0.0,0.0,0.0,0.0,0.0,1.0,6.0,0.0,1.0,2.0,0.0,0.0,0
162,162,2.0,0.0,0.0,0.0,0.0,0.0,0.0,0.0,6.0,2.0,0.0,0.0,1
163,163,2.0,0.0,0.0,0.0,0.0,0.0,0.0,0.0,5.0,3.0,0.0,0.0,1
164,164,1.0,0.0,0.0,0.0,0.0,0.0,0.0,0.0,7.0,2.0,0.0,0.0,1
165,165,1.0,0.0,0.0,0.0,0.0,0.0,0.0,0.0,8.0,1.0,0.0,0.0,1
166,166,1.0,0.0,0.0,0.0,0.0,0.0,0.0,0.0,6.0,3.0,0.0,0.0,1
167,167,0.0,0.0,0.0,0.0,4.0,0.0,0.0,0.0,6.0,0.0,0.0,0.0,1
168,168,0.0,0.0,0.0,0.0,5.0,0.0,0.0,0.0,5.0,0.0,0.0,0.0,1
169,169,0.0,0.0,0.0,0.0,6.0,0.0,0.0,0.0,4.0,0.0,0.0,0.0,1
170,170,0.0,0.0,0.0,0.0,3.0,0.0,0.0,0.0,7.0,0.0,0.0,0.0,1
171,171,0.0,0.0,0.0,0.0,7.0,0.0,0.0,0.0,3.0,0.0,0.0,0.0,1
172,172,0.0,2.0,0.0,0.0,1.0,0.0,0.0,0.0,6.0,1.0,0.0,0.0,1
173,173,0.0,2.0,0.0,0.0,1.0,0.0,0.0,0.0,7.0,0.0,0.0,0.0,1
174,174,0.0,5.0,0.0,0.0,0.0,0.0,0.0,0.0,4.0,1.0,0.0,0.0,0
175,175,0.0,0.0,0.0,0.0,1.0,0.0,0.0,0.0,9.0,0.0,0.0,0.0,1
176,176,0.0,0.0,0.0,0.0,2.0,0.0,0.0,0.0,7.0,1.0,0.0,0.0,1
177,177,0.0,1.0,0.0,0.0,2.0,0.0,0.0,0.0,6.0,1.0,0.0,0.0,1
178,178,0.0,1.0,0.0,0.0,1.0,0.0,0.0,0.0,6.0,2.0,0.0,0.0,1
179,179,0.0,4.0,0.0,0.0,0.0,0.0,0.0,0.0,5.0,1.0,0.0,0.0,1
180,180,0.0,3.0,0.0,0.0,2.0,0.0,0.0,0.0,4.0,1.0,0.0,0.0,1
181,181,0.0,4.0,0.0,0.0,1.0,0.0,0.0,0.0,4.0,1.0,0.0,0.0,1
182,182,0.0,0.0,0.0,0.0,1.0,0.0,0.0,0.0,7.0,2.0,0.0,0.0,1
183,183,0.0,1.0,0.0,0.0,1.0,0.0,0.0,0.0,7.0,1.0,0.0,0.0,1
184,184,0.0,4.0,0.0,0.0,1.0,0.0,0.0,0.0,5.0,0.0,0.0,0.0,1
185,185,0.0,2.0,0.0,0.0,2.0,0.0,0.0,0.0,5.0,1.0,0.0,0.0,1
186,186,0.0,1.0,0.0,0.0,1.0,0.0,0.0,0.0,8.0,0.0,0.0,0.0,1
187,187,0.0,0.0,0.0,0.0,1.0,0.0,0.0,0.0,8.0,1.0,0.0,0.0,1
188,188,0.0,5.0,0.0,0.0,0.0,0.0,0.0,0.0,5.0,0.0,0.0,0.0,1
189,189,0.0,0.0,0.0,0.0,1.0,0.0,0.0,0.0,0.0,9.0,0.0,0.0,3
190,190,0.0,8.0,0.0,0.0,0.0,0.0,0.0,0.0,3.0,0.0,0.0,0.0,0
191,191,1.0,4.0,0.0,0.0,0.0,1.0,4.0,0.0,0.0,0.0,0.0,0.0,0
192,192,0.0,4.0,0.0,0.0,0.0,0.0,6.0,0.0,0.0,0.0,0.0,0.0,0
193,193,0.0,3.0,0.0,0.0,0.0,0.0,7.0,0.0,0.0,0.0,0.0,0.0,0
194,194,0.0,2.0,0.0,0.0,0.0,0.0,8.0,0.0,0.0,0.0,0.0,0.0,0
195,195,0.0,5.0,0.0,0.0,0.0,0.0,5.0,0.0,0.0,0.0,0.0,0.0,0
196,196,2.0,5.0,0.0,0.0,0.0,0.0,3.0,0.0,0.0,0.0,0.0,0.0,0
197,197,0.0,1.0,0.0,0.0,1.0,0.0,2.0,0.0,4.0,2.0,1.0,0.0,1
198,198,0.0,2.0,0.0,0.0,0.0,0.0,4.0,0.0,2.0,1.0,1.0,0.0,0
199,199,0.0,1.0,0.0,0.0,1.0,0.0,1.0,0.0,2.0,5.0,0.0,0.0,3
200,200,0.0,1.0,0.0,0.0,0.0,0.0,1.0,0.0,6.0,0.0,2.0,0.0,1
201,201,0.0,1.0,0.0,0.0,1.0,0.0,2.0,0.0,4.0,2.0,0.0,0.0,1
202,202,0.0,1.0,0.0,0.0,0.0,0.0,0.0,0.0,5.0,1.0,3.0,0.0,1
203,203,0.0,1.0,0.0,0.0,3.0,0.0,0.0,0.0,3.0,3.0,0.0,0.0,1
204,204,0.0,2.0,0.0,0.0,0.0,0.0,2.0,0.0,4.0,1.0,1.0,0.0,1
205,205,0.0,0.0,0.0,0.0,2.0,0.0,2.0,0.0,4.0,2.0,0.0,0.0,1
206,206,0.0,0.0,0.0,0.0,3.0,0.0,0.0,0.0,5.0,2.0,0.0,0.0,1
207,207,0.0,3.0,0.0,0.0,0.0,0.0,1.0,0.0,4.0,1.0,1.0,0.0,1
208,208,0.0,3.0,0.0,0.0,0.0,0.0,2.0,0.0,4.0,0.0,1.0,0.0,0
209,209,0.0,3.0,0.0,0.0,0.0,0.0,0.0,0.0,4.0,2.0,1.0,0.0,1
210,210,0.0,0.0,0.0,0.0,0.0,0.0,1.0,0.0,8.0,0.0,1.0,0.0,1
211,211,0.0,0.0,0.0,0.0,1.0,0.0,1.0,0.0,6.0,2.0,0.0,0.0,1
212,212,0.0,1.0,0.0,0.0,0.0,0.0,1.0,0.0,5.0,1.0,2.0,0.0,1
213,213,0.0,1.0,0.0,0.0,0.0,0.0,1.0,0.0,7.0,0.0,1.0,0.0,1
214,214,0.0,1.0,0.0,0.0,0.0,0.0,5.0,0.0,2.0,1.0,1.0,0.0,0
215,215,0.0,0.0,0.0,0.0,1.0,0.0,0.0,0.0,6.0,3.0,0.0,0.0,1
216,216,0.0,0.0,0.0,0.0,3.0,0.0,2.0,0.0,3.0,2.0,0.0,0.0,1
217,217,0.0,3.0,0.0,0.0,0.0,0.0,3.0,0.0,3.0,1.0,0.0,0.0,0
218,218,0.0,3.0,0.0,0.0,0.0,0.0,1.0,0.0,5.0,0.0,1.0,0.0,1
219,219,0.0,0.0,0.0,0.0,1.0,0.0,5.0,0.0,2.0,2.0,0.0,0.0,0
220,220,0.0,2.0,0.0,0.0,0.0,0.0,3.0,0.0,4.0,0.0,1.0,0.0,0
221,221,0.0,1.0,0.0,0.0,1.0,0.0,1.0,0.0,6.0,0.0,1.0,0.0,1
222,222,0.0,1.0,0.0,0.0,0.0,0.0,3.0,0.0,6.0,0.0,0.0,0.0,1
223,223,0.0,0.0,0.0,0.0,0.0,0.0,2.0,0.0,3.0,3.0,2.0,0.0,1
224,224,0.0,0.0,0.0,0.0,2.0,0.0,0.0,0.0,6.0,1.0,1.0,0.0,1
225,225,0.0,0.0,0.0,0.0,0.0,0.0,0.0,0.0,7.0,2.0,1.0,0.0,1
226,226,0.0,1.0,0.0,0.0,0.0,0.0,2.0,0.0,4.0,2.0,1.0,0.0,1
227,227,0.0,0.0,0.0,0.0,3.0,0.0,0.0,0.0,4.0,2.0,1.0,0.0,1
228,228,0.0,0.0,0.0,0.0,0.0,0.0,1.0,0.0,6.0,1.0,2.0,0.0,1
229,229,0.0,2.0,0.0,0.0,0.0,0.0,1.0,0.0,7.0,0.0,0.0,0.0,1
230,230,0.0,1.0,0.0,0.0,0.0,0.0,0.0,0.0,4.0,4.0,1.0,0.0,1
231,231,0.0,0.0,0.0,0.0,0.0,0.0,2.0,0.0,5.0,0.0,3.0,0.0,1
232,232,0.0,0.0,0.0,0.0,1.0,0.0,1.0,0.0,7.0,1.0,0.0,0.0,1
233,233,0.0,0.0,0.0,0.0,0.0,0.0,5.0,0.0,5.0,0.0,0.0,0.0,1
234,234,0.0,1.0,0.0,0.0,1.0,0.0,1.0,0.0,6.0,1.0,0.0,0.0,1
235,235,0.0,0.0,0.0,0.0,0.0,0.0,0.0,0.0,6.0,3.0,1.0,0.0,1
236,236,0.0,1.0,0.0,0.0,0.0,0.0,1.0,0.0,6.0,1.0,1.0,0.0,1
237,237,0.0,1.0,0.0,0.0,0.0,0.0,1.0,0.0,8.0,0.0,0.0,0.0,1
238,238,0.0,1.0,0.0,0.0,2.0,0.0,1.0,0.0,5.0,1.0,0.0,0.0,1
239,239,0.0,0.0,0.0,0.0,0.0,0.0,1.0,0.0,3.0,5.0,1.0,0.0,3
240,240,0.0,1.0,0.0,0.0,1.0,0.0,0.0,0.0,7.0,0.0,1.0,0.0,1
241,241,0.0,0.0,0.0,0.0,2.0,0.0,0.0,0.0,5.0,3.0,0.0,0.0,1
242,242,0.0,0.0,0.0,0.0,1.0,0.0,0.0,0.0,5.0,4.0,0.0,0.0,1
243,243,0.0,0.0,0.0,0.0,3.0,0.0,0.0,0.0,6.0,1.0,0.0,0.0,1
244,244,0.0,0.0,0.0,0.0,2.0,0.0,1.0,0.0,2.0,5.0,0.0,0.0,3
245,245,0.0,0.0,0.0,0.0,1.0,0.0,4.0,0.0,5.0,0.0,0.0,0.0,1
246,246,0.0,1.0,0.0,0.0,0.0,0.0,2.0,0.0,6.0,0.0,1.0,0.0,1
247,247,0.0,3.0,0.0,0.0,0.0,0.0,0.0,0.0,5.0,1.0,1.0,0.0,1
248,248,0.0,0.0,0.0,0.0,0.0,0.0,0.0,0.0,5.0,4.0,1.0,0.0,1
249,249,0.0,0.0,0.0,0.0,3.0,0.0,1.0,0.0,6.0,0.0,0.0,0.0,1
250,250,0.0,0.0,0.0,0.0,0.0,0.0,0.0,0.0,6.0,2.0,2.0,0.0,1
251,251,0.0,2.0,0.0,0.0,0.0,0.0,0.0,0.0,3.0,4.0,1.0,0.0,3
252,252,0.0,0.0,0.0,0.0,1.0,0.0,4.0,0.0,4.0,1.0,0.0,0.0,1
253,253,0.0,3.0,0.0,0.0,0.0,0.0,2.0,0.0,2.0,2.0,1.0,0.0,0
254,254,0.0,1.0,0.0,0.0,0.0,0.0,0.0,0.0,7.0,1.0,1.0,0.0,1
255,255,0.0,1.0,0.0,0.0,0.0,0.0,0.0,0.0,3.0,5.0,1.0,0.0,3
256,256,0.0,0.0,0.0,0.0,1.0,0.0,0.0,0.0,7.0,1.0,1.0,0.0,1
257,257,0.0,1.0,0.0,0.0,0.0,0.0,4.0,0.0,5.0,0.0,0.0,0.0,1
258,258,0.0,3.0,0.0,0.0,1.0,0.0,1.0,0.0,4.0,1.0,0.0,0.0,1
259,259,0.0,1.0,0.0,0.0,0.0,0.0,0.0,0.0,4.0,3.0,2.0,0.0,1
260,260,0.0,0.0,0.0,0.0,1.0,0.0,3.0,0.0,5.0,1.0,0.0,0.0,1
261,261,0.0,1.0,0.0,0.0,1.0,0.0,3.0,0.0,3.0,1.0,1.0,0.0,0
262,262,0.0,1.0,0.0,0.0,0.0,0.0,2.0,0.0,7.0,0.0,0.0,0.0,1
263,263,0.0,0.0,0.0,0.0,0.0,0.0,1.0,0.0,0.0,9.0,0.0,0.0,3
264,264,0.0,8.0,0.0,0.0,0.0,0.0,0.0,0.0,2.0,1.0,0.0,0.0,0
265,265,0.0,6.0,0.0,0.0,0.0,0.0,0.0,0.0,2.0,2.0,0.0,0.0,0
266,266,0.0,8.0,0.0,0.0,0.0,0.0,0.0,0.0,1.0,1.0,0.0,0.0,0
267,267,0.0,7.0,0.0,0.0,0.0,0.0,0.0,0.0,1.0,2.0,0.0,0.0,0
268,268,0.0,5.0,0.0,0.0,0.0,0.0,0.0,0.0,3.0,2.0,0.0,0.0,0
269,269,0.0,0.0,0.0,0.0,1.0,0.0,0.0,0.0,2.0,7.0,0.0,0.0,3
270,270,0.0,0.0,0.0,0.0,1.0,0.0,0.0,0.0,1.0,8.0,0.0,0.0,3
271,271,0.0,0.0,0.0,0.0,2.0,0.0,0.0,0.0,3.0,5.0,0.0,0.0,3
272,272,1.0,0.0,1.0,0.0,0.0,0.0,1.0,0.0,7.0,0.0,0.0,0.0,1
273,273,1.0,0.0,0.0,0.0,0.0,0.0,2.0,0.0,7.0,0.0,0.0,0.0,1
274,274,0.0,0.0,1.0,0.0,0.0,0.0,0.0,0.0,9.0,0.0,0.0,0.0,1
275,275,0.0,0.0,2.0,0.0,0.0,0.0,0.0,0.0,8.0,0.0,0.0,0.0,1
276,276,0.0,3.0,0.0,0.0,0.0,0.0,0.0,0.0,4.0,1.0,2.0,0.0,1
277,277,0.0,0.0,0.0,0.0,0.0,0.0,0.0,0.0,3.0,5.0,2.0,0.0,3
278,278,0.0,5.0,0.0,0.0,0.0,0.0,0.0,0.0,1.0,4.0,0.0,0.0,0
279,279,0.0,5.0,0.0,0.0,0.0,0.0,0.0,0.0,2.0,2.0,1.0,0.0,0
280,280,0.0,5.0,0.0,0.0,0.0,0.0,0.0,0.0,2.0,3.0,0.0,0.0,0
281,281,0.0,4.0,0.0,0.0,0.0,0.0,0.0,0.0,3.0,3.0,0.0,0.0,0
282,282,0.0,0.0,0.0,0.0,0.0,0.0,0.0,0.0,3.0,6.0,1.0,0.0,3
283,283,0.0,4.0,0.0,0.0,0.0,0.0,0.0,0.0,4.0,1.0,1.0,0.0,1
284,284,0.0,1.0,0.0,0.0,0.0,0.0,0.0,0.0,2.0,6.0,1.0,0.0,3
285,285,0.0,3.0,0.0,0.0,0.0,0.0,0.0,0.0,2.0,5.0,0.0,0.0,3
286,286,0.0,3.0,0.0,0.0,0.0,0.0,0.0,0.0,3.0,2.0,2.0,0.0,1
287,287,0.0,4.0,0.0,0.0,0.0,0.0,0.0,0.0,2.0,4.0,0.0,0.0,3
288,288,0.0,0.0,0.0,0.0,0.0,1.0,0.0,0.0,0.0,9.0,0.0,0.0,3
289,289,0.0,0.0,0.0,0.0,0.0,0.0,0.0,0.0,0.0,11.0,0.0,0.0,3
290,290,0.0,0.0,0.0,0.0,0.0,0.0,0.0,0.0,1.0,10.0,0.0,0.0,3
291,291,0.0,5.0,0.0,0.0,0.0,0.0,1.0,0.0,2.0,2.0,0.0,0.0,0
292,292,0.0,6.0,0.0,0.0,0.0,0.0,1.0,0.0,2.0,1.0,0.0,0.0,0
293,293,0.0,6.0,0.0,0.0,0.0,0.0,2.0,0.0,1.0,1.0,0.0,0.0,0
294,294,0.0,4.0,0.0,0.0,0.0,0.0,1.0,0.0,3.0,2.0,0.0,0.0,0
295,295,0.0,4.0,0.0,0.0,0.0,0.0,2.0,0.0,1.0,3.0,0.0,0.0,0
296,296,0.0,4.0,0.0,0.0,0.0,0.0,5.0,0.0,0.0,1.0,0.0,0.0,0
297,297,0.0,1.0,0.0,0.0,0.0,0.0,7.0,0.0,2.0,0.0,0.0,0.0,0
298,298,0.0,5.0,0.0,0.0,0.0,0.0,3.0,0.0,1.0,1.0,0.0,0.0,0
299,299,0.0,2.0,0.0,0.0,0.0,0.0,5.0,0.0,3.0,0.0,0.0,0.0,0
300,300,0.0,4.0,0.0,0.0,0.0,0.0,3.0,0.0,1.0,2.0,0.0,0.0,0
301,301,0.0,4.0,0.0,0.0,0.0,0.0,2.0,0.0,3.0,1.0,0.0,0.0,0
302,302,0.0,1.0,0.0,0.0,0.0,0.0,6.0,0.0,3.0,0.0,0.0,0.0,0
303,303,0.0,5.0,0.0,0.0,0.0,0.0,1.0,0.0,3.0,1.0,0.0,0.0,0
304,304,0.0,4.0,0.0,0.0,0.0,0.0,3.0,0.0,2.0,1.0,0.0,0.0,0
305,305,0.0,4.0,0.0,0.0,0.0,0.0,1.0,0.0,4.0,1.0,0.0,0.0,0
306,306,0.0,1.0,0.0,0.0,0.0,0.0,9.0,0.0,0.0,0.0,0.0,0.0,0
307,307,0.0,1.0,0.0,0.0,0.0,0.0,0.0,0.0,8.0,2.0,0.0,0.0,1
308,308,0.0,0.0,0.0,0.0,0.0,0.0,2.0,0.0,1.0,7.0,0.0,0.0,3
309,309,1.0,2.0,0.0,0.0,0.0,0.0,2.0,0.0,5.0,0.0,0.0,0.0,1
310,310,3.0,1.0,0.0,0.0,0.0,0.0,3.0,0.0,3.0,0.0,0.0,0.0,0
311,311,1.0,1.0,0.0,0.0,0.0,0.0,5.0,0.0,3.0,0.0,0.0,0.0,0
312,312,1.0,1.0,0.0,0.0,0.0,0.0,3.0,0.0,5.0,0.0,0.0,0.0,1
313,313,3.0,2.0,0.0,0.0,0.0,0.0,1.0,0.0,4.0,0.0,0.0,0.0,1
314,314,1.0,4.0,0.0,0.0,0.0,0.0,3.0,0.0,2.0,0.0,0.0,0.0,0
315,315,1.0,1.0,0.0,0.0,0.0,0.0,4.0,0.0,4.0,0.0,0.0,0.0,0
316,316,1.0,1.0,0.0,0.0,0.0,0.0,0.0,0.0,8.0,0.0,0.0,0.0,1
317,317,0.0,0.0,0.0,0.0,0.0,0.0,4.0,0.0,5.0,0.0,0.0,1.0,1
318,318,0.0,0.0,0.0,0.0,0.0,0.0,3.0,0.0,6.0,0.0,0.0,1.0,1
319,319,0.0,4.0,1.0,0.0,0.0,1.0,0.0,2.0,0.0,2.0,0.0,0.0,0
320,320,0.0,7.0,0.0,0.0,0.0,0.0,0.0,1.0,0.0,2.0,0.0,0.0,0
321,321,0.0,0.0,0.0,0.0,0.0,0.0,0.0,0.0,8.0,1.0,0.0,1.0,1
322,322,0.0,0.0,0.0,0.0,0.0,0.0,1.0,1.0,8.0,0.0,0.0,0.0,1
323,323,0.0,0.0,1.0,0.0,0.0,0.0,4.0,0.0,4.0,1.0,0.0,0.0,1
324,324,0.0,0.0,2.0,0.0,0.0,0.0,3.0,0.0,3.0,2.0,0.0,0.0,1
325,325,0.0,0.0,1.0,0.0,0.0,0.0,3.0,0.0,5.0,1.0,0.0,0.0,1
326,326,0.0,0.0,0.0,0.0,0.0,0.0,0.0,0.0,0.0,8.0,0.0,2.0,3
327,327,0.0,0.0,0.0,0.0,0.0,0.0,0.0,0.0,0.0,9.0,0.0,1.0,3
328,328,3.0,0.0,0.0,0.0,1.0,0.0,1.0,0.0,4.0,2.0,0.0,0.0,1
329,329,1.0,0.0,0.0,0.0,0.0,0.0,2.0,0.0,6.0,1.0,0.0,0.0,1
330,330,1.0,0.0,0.0,0.0,0.0,0.0,1.0,0.0,3.0,5.0,0.0,0.0,3
331,331,1.0,0.0,0.0,0.0,0.0,0.0,1.0,0.0,7.0,1.0,0.0,0.0,1
332,332,1.0,0.0,0.0,0.0,0.0,0.0,1.0,0.0,5.0,3.0,0.0,0.0,1
333,333,2.0,0.0,0.0,0.0,1.0,0.0,1.0,0.0,4.0,2.0,0.0,0.0,1
334,334,5.0,0.0,0.0,0.0,0.0,0.0,1.0,0.0,1.0,3.0,0.0,0.0,2
335,335,1.0,0.0,0.0,0.0,0.0,0.0,1.0,0.0,6.0,2.0,0.0,0.0,1
336,336,0.0,5.0,0.0,0.0,0.0,0.0,4.0,0.0,2.0,0.0,0.0,0.0,0
337,337,0.0,2.0,0.0,0.0,0.0,0.0,7.0,0.0,1.0,0.0,0.0,0.0,0
338,338,0.0,5.0,0.0,0.0,0.0,0.0,1.0,0.0,5.0,0.0,0.0,0.0,0
339,339,7.0,1.0,0.0,0.0,0.0,0.0,0.0,0.0,1.0,0.0,0.0,2.0,2
340,340,8.0,1.0,0.0,0.0,0.0,0.0,0.0,0.0,0.0,0.0,0.0,1.0,2
341,341,7.0,1.0,0.0,0.0,0.0,0.0,0.0,0.0,1.0,0.0,0.0,1.0,2
342,342,0.0,0.0,1.0,0.0,0.0,1.0,0.0,0.0,6.0,2.0,0.0,0.0,1
343,343,0.0,0.0,0.0,0.0,0.0,1.0,0.0,0.0,7.0,2.0,0.0,0.0,1
344,344,0.0,0.0,0.0,0.0,0.0,1.0,0.0,0.0,5.0,4.0,0.0,0.0,1
345,345,0.0,7.0,0.0,0.0,0.0,0.0,0.0,0.0,1.0,1.0,1.0,0.0,0
346,346,0.0,5.0,0.0,0.0,0.0,0.0,0.0,0.0,3.0,1.0,1.0,0.0,0
347,347,0.0,6.0,0.0,0.0,0.0,0.0,0.0,0.0,2.0,1.0,1.0,0.0,0
348,348,0.0,6.0,0.0,0.0,0.0,0.0,0.0,0.0,1.0,3.0,0.0,0.0,0
349,349,0.0,0.0,0.0,1.0,0.0,0.0,0.0,0.0,5.0,3.0,0.0,1.0,1
350,350,0.0,0.0,0.0,1.0,0.0,0.0,0.0,0.0,8.0,1.0,0.0,0.0,1
351,351,0.0,0.0,0.0,0.0,0.0,0.0,0.0,0.0,5.0,4.0,0.0,1.0,1
352,352,0.0,0.0,0.0,0.0,0.0,0.0,0.0,0.0,6.0,3.0,0.0,1.0,1
353,353,0.0,1.0,1.0,0.0,0.0,0.0,0.0,0.0,5.0,3.0,0.0,0.0,1
354,354,0.0,1.0,1.0,0.0,0.0,0.0,0.0,0.0,2.0,6.0,0.0,0.0,3
355,355,0.0,1.0,1.0,0.0,0.0,0.0,0.0,0.0,4.0,4.0,0.0,0.0,1
356,356,1.0,1.0,0.0,0.0,0.0,0.0,0.0,0.0,3.0,4.0,0.0,1.0,3
357,357,1.0,3.0,0.0,0.0,0.0,0.0,0.0,0.0,4.0,2.0,0.0,0.0,1
358,358,0.0,2.0,0.0,0.0,0.0,0.0,0.0,0.0,1.0,6.0,0.0,1.0,3
359,359,0.0,0.0,0.0,0.0,0.0,0.0,0.0,0.0,1.0,8.0,0.0,1.0,3
360,360,1.0,5.0,0.0,0.0,0.0,0.0,0.0,0.0,2.0,1.0,0.0,1.0,0
361,361,1.0,8.0,0.0,0.0,0.0,0.0,0.0,0.0,1.0,0.0,0.0,0.0,0
362,362,0.0,7.0,0.0,0.0,0.0,0.0,0.0,0.0,2.0,0.0,0.0,1.0,0
363,363,1.0,3.0,0.0,0.0,0.0,0.0,0.0,0.0,5.0,1.0,0.0,0.0,1
364,364,0.0,7.0,0.0,0.0,0.0,0.0,0.0,0.0,1.0,1.0,0.0,1.0,0
365,365,2.0,6.0,0.0,0.0,0.0,0.0,0.0,0.0,1.0,1.0,0.0,0.0,0
366,366,1.0,5.0,0.0,0.0,0.0,0.0,0.0,0.0,4.0,0.0,0.0,0.0,0
367,367,2.0,6.0,0.0,0.0,0.0,0.0,0.0,0.0,1.0,0.0,0.0,1.0,0
368,368,1.0,6.0,0.0,0.0,0.0,0.0,0.0,0.0,3.0,0.0,0.0,0.0,0
369,369,1.0,7.0,0.0,0.0,0.0,0.0,0.0,0.0,1.0,1.0,0.0,0.0,0
370,370,1.0,9.0,0.0,0.0,0.0,0.0,0.0,0.0,0.0,0.0,0.0,0.0,0
371,371,3.0,3.0,0.0,0.0,0.0,0.0,0.0,0.0,2.0,2.0,0.0,0.0,2
372,372,1.0,5.0,0.0,0.0,0.0,0.0,0.0,0.0,2.0,2.0,0.0,0.0,0
373,373,0.0,1.0,1.0,0.0,1.0,0.0,1.0,0.0,2.0,4.0,0.0,0.0,3
374,374,0.0,0.0,1.0,0.0,4.0,0.0,0.0,0.0,1.0,4.0,0.0,0.0,3
375,375,0.0,1.0,1.0,0.0,1.0,0.0,1.0,0.0,5.0,1.0,0.0,0.0,1
376,376,0.0,2.0,1.0,0.0,1.0,0.0,2.0,0.0,1.0,3.0,0.0,0.0,0
377,377,0.0,2.0,2.0,0.0,0.0,0.0,0.0,0.0,2.0,4.0,0.0,0.0,3
378,378,0.0,0.0,1.0,0.0,0.0,0.0,1.0,0.0,4.0,4.0,0.0,0.0,1
379,379,0.0,0.0,0.0,0.0,1.0,0.0,1.0,0.0,2.0,6.0,0.0,0.0,3
380,380,0.0,0.0,1.0,0.0,0.0,0.0,1.0,0.0,0.0,8.0,0.0,0.0,3
381,381,0.0,1.0,0.0,0.0,0.0,0.0,1.0,0.0,1.0,7.0,0.0,0.0,3
382,382,0.0,1.0,0.0,0.0,1.0,0.0,2.0,0.0,0.0,6.0,0.0,0.0,3
383,383,0.0,0.0,1.0,0.0,0.0,0.0,1.0,0.0,3.0,5.0,0.0,0.0,3
384,384,0.0,1.0,0.0,0.0,1.0,0.0,0.0,0.0,0.0,8.0,0.0,0.0,3
385,385,0.0,0.0,1.0,0.0,0.0,0.0,1.0,0.0,2.0,6.0,0.0,0.0,3
386,386,0.0,0.0,0.0,0.0,1.0,0.0,1.0,0.0,1.0,7.0,0.0,0.0,3
387,387,0.0,0.0,0.0,0.0,3.0,0.0,0.0,0.0,2.0,5.0,0.0,0.0,3
388,388,0.0,0.0,0.0,0.0,2.0,0.0,1.0,0.0,0.0,7.0,0.0,0.0,3
389,389,0.0,1.0,0.0,0.0,0.0,0.0,1.0,0.0,0.0,8.0,0.0,0.0,3
390,390,0.0,1.0,0.0,0.0,1.0,0.0,0.0,0.0,1.0,7.0,0.0,0.0,3
391,391,0.0,1.0,1.0,0.0,1.0,0.0,2.0,0.0,4.0,1.0,0.0,0.0,1
392,392,0.0,0.0,0.0,0.0,1.0,0.0,0.0,0.0,6.0,4.0,0.0,0.0,1
393,393,1.0,1.0,0.0,0.0,2.0,1.0,0.0,0.0,4.0,0.0,1.0,0.0,1
394,394,0.0,3.0,0.0,0.0,0.0,0.0,0.0,0.0,6.0,0.0,1.0,0.0,1
395,395,0.0,1.0,0.0,0.0,5.0,0.0,0.0,0.0,3.0,0.0,1.0,0.0,1
396,396,0.0,0.0,0.0,0.0,3.0,0.0,0.0,0.0,5.0,0.0,2.0,0.0,1
397,397,1.0,0.0,0.0,0.0,1.0,0.0,0.0,0.0,7.0,0.0,1.0,0.0,1
398,398,0.0,0.0,0.0,0.0,1.0,0.0,0.0,0.0,8.0,0.0,1.0,0.0,1
399,399,0.0,3.0,0.0,0.0,3.0,0.0,0.0,0.0,4.0,0.0,0.0,0.0,1
400,400,0.0,2.0,0.0,0.0,0.0,0.0,0.0,0.0,7.0,0.0,1.0,0.0,1
401,401,0.0,1.0,0.0,0.0,0.0,1.0,0.0,0.0,8.0,0.0,0.0,0.0,1
402,402,1.0,2.0,0.0,0.0,0.0,0.0,0.0,0.0,6.0,0.0,1.0,0.0,1
403,403,0.0,0.0,0.0,0.0,3.0,2.0,0.0,0.0,4.0,0.0,1.0,0.0,1
404,404,0.0,3.0,0.0,0.0,1.0,0.0,0.0,0.0,5.0,0.0,1.0,0.0,1
405,405,0.0,1.0,0.0,0.0,1.0,0.0,7.0,0.0,1.0,0.0,0.0,0.0,0
406,406,0.0,2.0,0.0,0.0,2.0,0.0,5.0,0.0,1.0,0.0,0.0,0.0,0
407,407,0.0,2.0,0.0,0.0,1.0,0.0,7.0,0.0,0.0,0.0,0.0,0.0,0
408,408,0.0,1.0,0.0,0.0,0.0,0.0,1.0,1.0,7.0,0.0,0.0,0.0,1
409,409,0.0,2.0,0.0,0.0,0.0,0.0,0.0,1.0,7.0,0.0,0.0,0.0,1
410,410,0.0,2.0,0.0,0.0,0.0,0.0,0.0,0.0,0.0,9.0,0.0,0.0,3
411,411,2.0,1.0,0.0,0.0,0.0,0.0,6.0,0.0,2.0,0.0,0.0,0.0,0
412,412,4.0,0.0,0.0,0.0,0.0,0.0,3.0,0.0,3.0,0.0,0.0,0.0,2
413,413,2.0,1.0,0.0,0.0,0.0,0.0,5.0,0.0,2.0,0.0,0.0,0.0,0
414,414,3.0,2.0,0.0,0.0,0.0,0.0,0.0,1.0,3.0,1.0,0.0,0.0,2
415,415,2.0,1.0,0.0,0.0,0.0,0.0,0.0,0.0,6.0,1.0,0.0,0.0,1
416,416,6.0,0.0,0.0,0.0,0.0,0.0,0.0,1.0,2.0,1.0,0.0,0.0,2
417,417,4.0,4.0,0.0,0.0,0.0,0.0,0.0,0.0,2.0,0.0,0.0,0.0,2
418,418,5.0,1.0,0.0,0.0,0.0,0.0,0.0,0.0,3.0,1.0,0.0,0.0,2
419,419,5.0,0.0,0.0,0.0,0.0,0.0,0.0,1.0,2.0,2.0,0.0,0.0,2
420,420,1.0,1.0,0.0,0.0,0.0,0.0,0.0,0.0,7.0,1.0,0.0,0.0,1
421,421,0.0,2.0,0.0,0.0,0.0,0.0,0.0,1.0,5.0,2.0,0.0,0.0,1
422,422,4.0,2.0,0.0,0.0,0.0,0.0,0.0,0.0,4.0,0.0,0.0,0.0,2
423,423,4.0,2.0,0.0,0.0,0.0,0.0,0.0,1.0,3.0,0.0,0.0,0.0,2
424,424,7.0,1.0,0.0,0.0,0.0,0.0,0.0,0.0,1.0,1.0,0.0,0.0,2
425,425,0.0,1.0,0.0,0.0,0.0,0.0,0.0,0.0,0.0,10.0,0.0,0.0,3
426,426,0.0,1.0,1.0,0.0,0.0,0.0,1.0,1.0,3.0,3.0,0.0,0.0,1
427,427,0.0,2.0,0.0,0.0,0.0,0.0,3.0,1.0,3.0,1.0,0.0,0.0,0
428,428,0.0,1.0,0.0,0.0,0.0,0.0,0.0,1.0,4.0,4.0,0.0,0.0,1
429,429,0.0,0.0,0.0,0.0,0.0,0.0,1.0,1.0,7.0,1.0,0.0,0.0,1
430,430,0.0,3.0,0.0,0.0,0.0,0.0,1.0,1.0,4.0,1.0,0.0,0.0,1
431,431,0.0,2.0,0.0,0.0,0.0,0.0,3.0,1.0,2.0,2.0,0.0,0.0,0
432,432,0.0,1.0,0.0,0.0,0.0,0.0,0.0,1.0,6.0,2.0,0.0,0.0,1
433,433,0.0,0.0,0.0,0.0,0.0,0.0,2.0,0.0,2.0,7.0,0.0,0.0,3
434,434,2.0,1.0,0.0,0.0,0.0,0.0,2.0,0.0,3.0,2.0,0.0,0.0,1
435,435,2.0,2.0,0.0,0.0,0.0,0.0,1.0,0.0,4.0,1.0,0.0,0.0,1
436,436,1.0,2.0,0.0,0.0,0.0,0.0,3.0,0.0,3.0,1.0,0.0,0.0,0
437,437,1.0,2.0,0.0,0.0,0.0,0.0,2.0,0.0,4.0,1.0,0.0,0.0,1
438,438,1.0,1.0,0.0,0.0,0.0,0.0,3.0,0.0,4.0,1.0,0.0,0.0,1
439,439,1.0,1.0,0.0,0.0,0.0,0.0,4.0,0.0,3.0,1.0,0.0,0.0,0
440,440,1.0,1.0,0.0,0.0,0.0,0.0,2.0,0.0,5.0,1.0,0.0,0.0,1
441,441,3.0,1.0,0.0,0.0,0.0,0.0,1.0,0.0,4.0,1.0,0.0,0.0,1
442,442,1.0,2.0,0.0,0.0,0.0,0.0,2.0,0.0,3.0,2.0,0.0,0.0,0
443,443,1.0,2.0,0.0,0.0,0.0,0.0,1.0,0.0,5.0,1.0,0.0,0.0,1
444,444,1.0,1.0,0.0,0.0,0.0,0.0,1.0,0.0,6.0,1.0,0.0,0.0,1
445,445,1.0,1.0,0.0,0.0,0.0,0.0,1.0,0.0,5.0,2.0,0.0,0.0,1
446,446,1.0,0.0,0.0,0.0,0.0,0.0,0.0,0.0,0.0,8.0,0.0,1.0,3
447,447,0.0,0.0,0.0,0.0,0.0,1.0,0.0,1.0,4.0,3.0,2.0,0.0,1
448,448,0.0,0.0,0.0,0.0,0.0,1.0,0.0,0.0,5.0,3.0,1.0,0.0,1
449,449,0.0,0.0,0.0,0.0,0.0,1.0,0.0,0.0,2.0,6.0,1.0,0.0,3
450,450,0.0,0.0,0.0,0.0,0.0,1.0,0.0,1.0,4.0,2.0,2.0,0.0,1
451,451,1.0,4.0,1.0,0.0,0.0,0.0,0.0,0.0,1.0,3.0,0.0,0.0,0
452,452,0.0,4.0,0.0,0.0,0.0,0.0,2.0,0.0,2.0,1.0,0.0,1.0,0
453,453,0.0,4.0,0.0,0.0,0.0,0.0,4.0,0.0,1.0,0.0,0.0,1.0,0
454,454,0.0,2.0,0.0,0.0,0.0,0.0,1.0,0.0,3.0,3.0,0.0,1.0,1
455,455,0.0,8.0,0.0,0.0,0.0,0.0,1.0,0.0,0.0,1.0,0.0,0.0,0
456,456,0.0,5.0,0.0,0.0,0.0,0.0,3.0,0.0,1.0,0.0,0.0,1.0,0
457,457,0.0,7.0,0.0,0.0,0.0,0.0,1.0,0.0,1.0,1.0,0.0,0.0,0
458,458,0.0,1.0,0.0,0.0,0.0,0.0,2.0,0.0,4.0,2.0,0.0,1.0,1
459,459,0.0,5.0,0.0,0.0,0.0,0.0,1.0,0.0,1.0,3.0,0.0,0.0,0
460,460,0.0,3.0,0.0,0.0,0.0,0.0,1.0,0.0,5.0,0.0,0.0,1.0,1
461,461,0.0,0.0,0.0,0.0,0.0,0.0,0.0,0.0,9.0,2.0,0.0,0.0,1
462,462,0.0,2.0,0.0,0.0,0.0,1.0,6.0,0.0,0.0,1.0,0.0,0.0,0
463,463,0.0,3.0,0.0,0.0,0.0,1.0,5.0,0.0,0.0,1.0,0.0,0.0,0
464,464,0.0,3.0,0.0,0.0,0.0,0.0,6.0,0.0,0.0,1.0,0.0,0.0,0
465,465,0.0,1.0,0.0,0.0,0.0,0.0,8.0,0.0,0.0,1.0,0.0,0.0,0
466,466,6.0,0.0,0.0,0.0,0.0,0.0,0.0,0.0,1.0,3.0,0.0,0.0,2
467,467,2.0,5.0,0.0,0.0,0.0,0.0,1.0,0.0,2.0,0.0,0.0,0.0,0
468,468,1.0,5.0,0.0,0.0,0.0,0.0,2.0,0.0,2.0,0.0,0.0,0.0,0
469,469,5.0,3.0,0.0,0.0,0.0,0.0,1.0,0.0,1.0,0.0,0.0,0.0,2
470,470,0.0,0.0,0.0,1.0,0.0,0.0,8.0,0.0,1.0,0.0,0.0,0.0,0
471,471,0.0,0.0,0.0,0.0,0.0,1.0,3.0,0.0,0.0,6.0,0.0,0.0,3
472,472,0.0,0.0,0.0,0.0,8.0,0.0,0.0,0.0,0.0,2.0,0.0,0.0,1
473,473,0.0,0.0,0.0,0.0,10.0,0.0,0.0,0.0,0.0,0.0,0.0,0.0,1
474,474,0.0,0.0,0.0,0.0,0.0,0.0,0.0,0.0,0.0,9.0,1.0,0.0,3
475,475,0.0,0.0,0.0,0.0,0.0,0.0,0.0,0.0,0.0,8.0,2.0,0.0,3
476,476,0.0,1.0,0.0,0.0,0.0,0.0,3.0,1.0,4.0,0.0,1.0,0.0,1
477,477,0.0,0.0,0.0,0.0,1.0,0.0,7.0,0.0,1.0,1.0,0.0,0.0,0
478,478,0.0,4.0,0.0,0.0,0.0,1.0,0.0,0.0,4.0,0.0,1.0,0.0,1
479,479,0.0,4.0,0.0,0.0,0.0,1.0,0.0,0.0,5.0,0.0,0.0,0.0,1
480,480,0.0,7.0,0.0,0.0,0.0,1.0,0.0,0.0,1.0,0.0,1.0,0.0,0
481,481,0.0,4.0,0.0,0.0,0.0,2.0,0.0,0.0,4.0,0.0,0.0,0.0,1
482,482,0.0,0.0,0.0,0.0,6.0,0.0,0.0,0.0,2.0,2.0,0.0,0.0,1
483,483,0.0,0.0,0.0,0.0,4.0,0.0,0.0,0.0,5.0,1.0,0.0,0.0,1
484,484,0.0,1.0,0.0,0.0,5.0,0.0,0.0,0.0,3.0,1.0,0.0,0.0,1
485,485,0.0,1.0,0.0,0.0,6.0,0.0,0.0,0.0,1.0,2.0,0.0,0.0,1
486,486,0.0,0.0,0.0,0.0,6.0,0.0,0.0,0.0,1.0,3.0,0.0,0.0,3
487,487,0.0,6.0,1.0,0.0,0.0,0.0,0.0,1.0,1.0,1.0,0.0,0.0,0
488,488,0.0,0.0,0.0,0.0,0.0,1.0,2.0,0.0,6.0,2.0,0.0,0.0,1
489,489,0.0,0.0,0.0,0.0,0.0,1.0,2.0,0.0,5.0,2.0,0.0,0.0,1
490,490,0.0,0.0,0.0,0.0,0.0,1.0,3.0,0.0,5.0,1.0,0.0,0.0,1
491,491,0.0,2.0,0.0,0.0,0.0,0.0,7.0,0.0,0.0,0.0,0.0,1.0,0
492,492,0.0,1.0,0.0,0.0,0.0,0.0,8.0,0.0,0.0,0.0,0.0,1.0,0
493,493,6.0,1.0,0.0,0.0,0.0,0.0,1.0,0.0,1.0,1.0,0.0,0.0,2
494,494,7.0,0.0,0.0,0.0,0.0,0.0,1.0,0.0,2.0,0.0,0.0,0.0,2
495,495,0.0,4.0,2.0,0.0,0.0,0.0,0.0,0.0,1.0,2.0,0.0,1.0,0
496,496,0.0,0.0,0.0,1.0,0.0,0.0,1.0,0.0,1.0,7.0,0.0,0.0,3
497,497,0.0,0.0,0.0,1.0,0.0,0.0,0.0,0.0,0.0,9.0,0.0,0.0,3
498,498,0.0,5.0,0.0,0.0,0.0,0.0,1.0,0.0,2.0,1.0,1.0,0.0,0
499,499,0.0,9.0,0.0,0.0,0.0,0.0,0.0,0.0,0.0,0.0,1.0,0.0,0
500,500,0.0,6.0,0.0,0.0,0.0,0.0,1.0,0.0,2.0,0.0,1.0,0.0,0
501,501,0.0,1.0,0.0,1.0,0.0,0.0,2.0,0.0,3.0,3.0,0.0,0.0,1
502,502,0.0,3.0,0.0,1.0,0.0,0.0,3.0,0.0,2.0,1.0,0.0,0.0,0
503,503,0.0,2.0,0.0,1.0,0.0,0.0,0.0,0.0,5.0,2.0,0.0,0.0,1
504,504,0.0,1.0,0.0,1.0,0.0,0.0,5.0,0.0,2.0,1.0,0.0,0.0,0
505,505,0.0,5.0,1.0,0.0,0.0,0.0,1.0,0.0,1.0,2.0,0.0,0.0,0
506,506,0.0,5.0,1.0,0.0,0.0,0.0,1.0,0.0,2.0,1.0,0.0,0.0,0
507,507,0.0,4.0,3.0,0.0,0.0,0.0,1.0,0.0,1.0,1.0,0.0,0.0,0
508,508,0.0,0.0,0.0,0.0,1.0,0.0,0.0,0.0,10.0,0.0,0.0,0.0,1
509,509,0.0,3.0,0.0,0.0,1.0,0.0,0.0,0.0,4.0,1.0,0.0,1.0,1
510,510,0.0,6.0,0.0,0.0,2.0,0.0,0.0,0.0,2.0,0.0,0.0,0.0,0
511,511,0.0,1.0,0.0,0.0,0.0,0.0,0.0,0.0,7.0,1.0,0.0,1.0,1
512,512,5.0,2.0,1.0,0.0,0.0,0.0,0.0,0.0,2.0,0.0,0.0,0.0,2
513,513,6.0,0.0,1.0,0.0,0.0,0.0,0.0,0.0,3.0,0.0,0.0,0.0,2
514,514,4.0,3.0,1.0,0.0,0.0,0.0,0.0,0.0,2.0,0.0,0.0,0.0,2
515,515,0.0,1.0,0.0,0.0,0.0,1.0,1.0,0.0,3.0,4.0,0.0,0.0,3
516,516,0.0,1.0,0.0,0.0,0.0,1.0,0.0,0.0,2.0,6.0,0.0,0.0,3
517,517,0.0,2.0,0.0,0.0,0.0,1.0,3.0,0.0,2.0,2.0,0.0,0.0,0
518,518,0.0,1.0,0.0,0.0,0.0,1.0,1.0,0.0,6.0,1.0,0.0,0.0,1
519,519,0.0,0.0,0.0,0.0,0.0,1.0,0.0,0.0,2.0,7.0,0.0,0.0,3
520,520,0.0,3.0,0.0,0.0,0.0,1.0,2.0,0.0,2.0,2.0,0.0,0.0,0
521,521,0.0,2.0,0.0,0.0,0.0,2.0,1.0,0.0,4.0,1.0,0.0,0.0,1
522,522,0.0,2.0,0.0,0.0,0.0,1.0,0.0,0.0,5.0,2.0,0.0,0.0,1
523,523,0.0,0.0,0.0,0.0,0.0,1.0,0.0,0.0,1.0,8.0,0.0,0.0,3
524,524,0.0,1.0,0.0,0.0,0.0,1.0,0.0,0.0,4.0,4.0,0.0,0.0,1
525,525,0.0,0.0,0.0,0.0,0.0,1.0,1.0,0.0,1.0,7.0,0.0,0.0,3
526,526,0.0,3.0,0.0,0.0,0.0,1.0,1.0,0.0,3.0,1.0,1.0,0.0,0
527,527,0.0,1.0,0.0,0.0,0.0,1.0,0.0,0.0,6.0,1.0,1.0,0.0,1
528,528,0.0,6.0,0.0,0.0,0.0,1.0,2.0,0.0,1.0,0.0,0.0,0.0,0
529,529,0.0,1.0,0.0,1.0,0.0,0.0,0.0,1.0,6.0,0.0,0.0,1.0,1
530,530,0.0,1.0,0.0,1.0,0.0,0.0,0.0,0.0,8.0,0.0,0.0,0.0,1
531,531,1.0,4.0,0.0,0.0,0.0,0.0,4.0,0.0,0.0,1.0,0.0,0.0,0
532,532,1.0,2.0,0.0,0.0,0.0,0.0,6.0,0.0,0.0,1.0,0.0,0.0,0
533,533,0.0,5.0,0.0,0.0,2.0,1.0,2.0,0.0,0.0,0.0,0.0,0.0,0
534,534,0.0,8.0,0.0,0.0,1.0,0.0,1.0,0.0,0.0,0.0,0.0,0.0,0
535,535,6.0,2.0,0.0,0.0,0.0,0.0,0.0,0.0,0.0,2.0,0.0,0.0,2
536,536,2.0,3.0,0.0,0.0,0.0,0.0,0.0,0.0,4.0,0.0,1.0,0.0,1
537,537,0.0,0.0,0.0,0.0,0.0,0.0,0.0,0.0,9.0,0.0,1.0,0.0,1
538,538,0.0,2.0,0.0,0.0,0.0,0.0,0.0,1.0,0.0,7.0,0.0,0.0,3
539,539,0.0,0.0,0.0,0.0,0.0,0.0,0.0,1.0,0.0,9.0,0.0,0.0,3
540,540,0.0,0.0,0.0,1.0,6.0,0.0,2.0,0.0,0.0,1.0,0.0,0.0,0
541,541,0.0,0.0,0.0,0.0,0.0,0.0,0.0,0.0,1.0,8.0,1.0,0.0,3
542,542,0.0,0.0,0.0,0.0,0.0,0.0,0.0,0.0,1.0,7.0,2.0,0.0,3
543,543,0.0,7.0,1.0,0.0,1.0,0.0,0.0,0.0,1.0,0.0,0.0,0.0,0
544,544,0.0,6.0,1.0,0.0,1.0,0.0,0.0,0.0,2.0,0.0,0.0,0.0,0
545,545,1.0,1.0,0.0,0.0,1.0,0.0,1.0,0.0,1.0,5.0,0.0,0.0,3
546,546,1.0,0.0,0.0,0.0,1.0,0.0,0.0,0.0,2.0,6.0,0.0,0.0,3
547,547,2.0,0.0,0.0,0.0,1.0,0.0,0.0,0.0,1.0,6.0,0.0,0.0,3
548,548,1.0,0.0,0.0,0.0,0.0,0.0,1.0,0.0,0.0,8.0,0.0,0.0,3
549,549,1.0,0.0,0.0,0.0,0.0,0.0,1.0,0.0,1.0,7.0,0.0,0.0,3
550,550,3.0,1.0,1.0,0.0,1.0,0.0,1.0,0.0,0.0,3.0,0.0,0.0,2
551,551,7.0,1.0,0.0,0.0,0.0,0.0,0.0,0.0,0.0,2.0,0.0,0.0,2
552,552,0.0,4.0,0.0,0.0,0.0,1.0,3.0,0.0,0.0,2.0,0.0,0.0,0
553,553,0.0,1.0,0.0,0.0,0.0,1.0,6.0,0.0,2.0,0.0,0.0,0.0,0
554,554,0.0,0.0,0.0,0.0,0.0,0.0,0.0,0.0,7.0,0.0,3.0,0.0,1
555,555,0.0,0.0,0.0,0.0,0.0,0.0,6.0,0.0,2.0,1.0,1.0,0.0,0
556,556,0.0,0.0,0.0,0.0,3.0,0.0,5.0,0.0,1.0,1.0,0.0,0.0,0
557,557,0.0,0.0,0.0,0.0,4.0,0.0,2.0,0.0,3.0,1.0,0.0,0.0,1
558,558,0.0,0.0,0.0,0.0,4.0,0.0,3.0,0.0,3.0,0.0,0.0,0.0,1
559,559,0.0,2.0,0.0,0.0,1.0,0.0,5.0,0.0,1.0,1.0,0.0,0.0,0
560,560,0.0,2.0,0.0,0.0,3.0,0.0,2.0,0.0,3.0,0.0,0.0,0.0,1
561,561,0.0,1.0,1.0,0.0,0.0,0.0,6.0,0.0,3.0,0.0,0.0,0.0,0
562,562,0.0,2.0,1.0,0.0,0.0,0.0,3.0,0.0,4.0,0.0,0.0,0.0,0
563,563,0.0,1.0,1.0,0.0,0.0,0.0,8.0,0.0,0.0,0.0,0.0,0.0,0
564,564,0.0,1.0,1.0,0.0,0.0,0.0,6.0,0.0,2.0,0.0,0.0,0.0,0
565,565,0.0,4.0,0.0,0.0,0.0,0.0,5.0,0.0,1.0,1.0,0.0,0.0,0
566,566,0.0,0.0,0.0,0.0,0.0,0.0,1.0,1.0,0.0,7.0,0.0,1.0,3
567,567,0.0,0.0,1.0,0.0,0.0,0.0,0.0,0.0,1.0,9.0,0.0,0.0,3
568,568,0.0,0.0,0.0,0.0,6.0,0.0,0.0,0.0,2.0,1.0,1.0,0.0,1
569,569,0.0,0.0,0.0,0.0,7.0,0.0,0.0,0.0,2.0,1.0,0.0,0.0,1
570,570,0.0,0.0,0.0,0.0,8.0,0.0,0.0,0.0,2.0,0.0,0.0,0.0,1
571,571,0.0,0.0,0.0,0.0,3.0,0.0,0.0,0.0,4.0,1.0,2.0,0.0,1
572,572,1.0,2.0,0.0,0.0,0.0,0.0,1.0,1.0,5.0,0.0,0.0,0.0,1
573,573,1.0,0.0,0.0,0.0,0.0,0.0,1.0,1.0,7.0,0.0,0.0,0.0,1
574,574,0.0,1.0,0.0,0.0,0.0,5.0,0.0,0.0,4.0,1.0,0.0,0.0,1
575,575,0.0,1.0,0.0,0.0,0.0,5.0,0.0,0.0,4.0,0.0,0.0,0.0,1
576,576,0.0,0.0,0.0,0.0,0.0,6.0,0.0,0.0,4.0,0.0,0.0,0.0,1
577,577,1.0,4.0,0.0,2.0,0.0,0.0,0.0,0.0,0.0,3.0,0.0,0.0,0
578,578,0.0,2.0,0.0,1.0,0.0,0.0,0.0,1.0,4.0,1.0,0.0,1.0,1
579,579,0.0,0.0,1.0,0.0,1.0,0.0,0.0,0.0,0.0,9.0,0.0,0.0,3
580,580,0.0,1.0,0.0,0.0,0.0,0.0,0.0,0.0,0.0,9.0,1.0,0.0,3
581,581,1.0,0.0,2.0,0.0,1.0,0.0,1.0,0.0,3.0,1.0,0.0,1.0,1
582,582,0.0,0.0,0.0,0.0,1.0,0.0,2.0,0.0,4.0,2.0,0.0,1.0,1
583,583,0.0,0.0,1.0,0.0,0.0,0.0,0.0,0.0,8.0,0.0,0.0,1.0,1
584,584,0.0,0.0,0.0,0.0,0.0,1.0,1.0,0.0,4.0,2.0,1.0,1.0,1
585,585,0.0,0.0,0.0,0.0,0.0,0.0,1.0,0.0,6.0,1.0,1.0,1.0,1
586,586,0.0,0.0,0.0,0.0,0.0,0.0,0.0,0.0,5.0,3.0,1.0,1.0,1
587,587,0.0,0.0,0.0,0.0,0.0,1.0,0.0,0.0,5.0,1.0,0.0,3.0,1
588,588,0.0,1.0,0.0,0.0,0.0,0.0,0.0,0.0,2.0,8.0,0.0,0.0,3
589,589,0.0,1.0,0.0,0.0,0.0,0.0,7.0,0.0,0.0,0.0,2.0,0.0,0
590,590,4.0,0.0,1.0,0.0,0.0,0.0,0.0,1.0,4.0,0.0,0.0,0.0,2
591,591,0.0,1.0,1.0,0.0,0.0,0.0,1.0,0.0,5.0,1.0,1.0,0.0,1
592,592,0.0,0.0,1.0,0.0,0.0,0.0,2.0,0.0,5.0,1.0,1.0,0.0,1
593,593,0.0,1.0,1.0,0.0,0.0,0.0,1.0,0.0,3.0,3.0,1.0,0.0,1
594,594,0.0,2.0,1.0,0.0,0.0,0.0,3.0,0.0,3.0,0.0,1.0,0.0,0
595,595,0.0,1.0,1.0,0.0,0.0,0.0,0.0,0.0,7.0,0.0,1.0,0.0,1
596,596,0.0,3.0,1.0,0.0,0.0,0.0,1.0,0.0,5.0,0.0,0.0,0.0,1
597,597,0.0,2.0,1.0,0.0,0.0,0.0,1.0,0.0,6.0,0.0,0.0,0.0,1
598,598,0.0,1.0,2.0,0.0,0.0,0.0,2.0,0.0,4.0,0.0,1.0,0.0,1
599,599,0.0,1.0,0.0,0.0,0.0,0.0,0.0,1.0,0.0,7.0,1.0,0.0,3
600,600,0.0,0.0,0.0,1.0,0.0,0.0,1.0,0.0,5.0,2.0,1.0,0.0,1
601,601,0.0,0.0,0.0,0.0,1.0,1.0,0.0,0.0,2.0,2.0,0.0,4.0,1
602,602,0.0,0.0,0.0,0.0,2.0,1.0,0.0,0.0,1.0,5.0,1.0,0.0,3
603,603,0.0,0.0,0.0,0.0,1.0,1.0,0.0,0.0,1.0,7.0,0.0,0.0,3
604,604,0.0,0.0,0.0,0.0,2.0,0.0,0.0,0.0,1.0,6.0,1.0,0.0,3
605,605,0.0,0.0,0.0,0.0,1.0,0.0,0.0,0.0,1.0,7.0,1.0,0.0,3
606,606,0.0,0.0,0.0,0.0,3.0,0.0,0.0,0.0,2.0,4.0,1.0,0.0,3
607,607,0.0,0.0,0.0,0.0,1.0,0.0,0.0,0.0,0.0,8.0,1.0,0.0,3
608,608,0.0,1.0,0.0,0.0,0.0,0.0,1.0,0.0,2.0,4.0,0.0,2.0,3
609,609,0.0,1.0,0.0,0.0,0.0,0.0,1.0,0.0,3.0,4.0,0.0,1.0,3
610,610,5.0,0.0,0.0,1.0,0.0,0.0,2.0,1.0,1.0,0.0,0.0,0.0,2
611,611,0.0,1.0,0.0,0.0,1.0,1.0,0.0,0.0,5.0,2.0,0.0,0.0,1
612,612,0.0,0.0,0.0,0.0,3.0,1.0,0.0,0.0,4.0,2.0,0.0,0.0,1
613,613,0.0,2.0,0.0,0.0,1.0,1.0,0.0,0.0,4.0,2.0,0.0,0.0,1
614,614,0.0,1.0,0.0,0.0,1.0,1.0,0.0,0.0,6.0,1.0,0.0,0.0,1
615,615,0.0,2.0,0.0,0.0,6.0,0.0,0.0,0.0,2.0,0.0,0.0,0.0,1
616,616,0.0,1.0,0.0,0.0,8.0,0.0,0.0,0.0,1.0,0.0,0.0,0.0,1
617,617,0.0,1.0,0.0,0.0,1.0,0.0,3.0,1.0,2.0,1.0,0.0,1.0,0
618,618,0.0,0.0,0.0,0.0,1.0,0.0,3.0,1.0,3.0,2.0,0.0,0.0,1
619,619,0.0,0.0,0.0,0.0,2.0,0.0,4.0,1.0,1.0,2.0,0.0,0.0,0
620,620,0.0,1.0,0.0,0.0,1.0,0.0,2.0,1.0,5.0,0.0,0.0,0.0,1
621,621,0.0,1.0,0.0,0.0,1.0,0.0,5.0,1.0,2.0,0.0,0.0,0.0,0
622,622,0.0,1.0,0.0,0.0,0.0,0.0,6.0,0.0,2.0,0.0,0.0,1.0,0
623,623,0.0,3.0,0.0,0.0,1.0,0.0,1.0,1.0,2.0,2.0,0.0,0.0,0
624,624,0.0,1.0,0.0,0.0,1.0,0.0,1.0,1.0,5.0,1.0,0.0,0.0,1
625,625,0.0,0.0,0.0,0.0,1.0,0.0,1.0,3.0,3.0,2.0,0.0,0.0,1
626,626,0.0,1.0,0.0,0.0,0.0,0.0,3.0,1.0,2.0,2.0,0.0,1.0,0
627,627,1.0,0.0,0.0,0.0,0.0,0.0,4.0,0.0,4.0,0.0,0.0,1.0,1
628,628,0.0,1.0,0.0,0.0,4.0,0.0,1.0,0.0,2.0,2.0,0.0,0.0,1
629,629,0.0,0.0,0.0,0.0,6.0,0.0,2.0,0.0,2.0,0.0,0.0,0.0,1
630,630,0.0,0.0,0.0,0.0,8.0,0.0,1.0,0.0,1.0,0.0,0.0,0.0,1
631,631,0.0,2.0,0.0,0.0,4.0,0.0,1.0,0.0,2.0,1.0,0.0,0.0,1
632,632,0.0,0.0,0.0,0.0,5.0,0.0,2.0,0.0,3.0,0.0,0.0,0.0,1
633,633,0.0,4.0,0.0,1.0,0.0,0.0,1.0,0.0,4.0,0.0,0.0,0.0,0
634,634,0.0,1.0,1.0,0.0,0.0,0.0,3.0,0.0,2.0,2.0,1.0,0.0,0
635,635,0.0,3.0,1.0,0.0,0.0,0.0,3.0,0.0,1.0,1.0,1.0,0.0,0
636,636,0.0,1.0,1.0,0.0,0.0,0.0,6.0,0.0,0.0,2.0,0.0,0.0,0
637,637,0.0,0.0,0.0,0.0,0.0,6.0,0.0,0.0,0.0,4.0,0.0,0.0,3
638,638,0.0,0.0,0.0,0.0,0.0,7.0,0.0,0.0,0.0,3.0,0.0,0.0,3
639,639,0.0,3.0,0.0,0.0,3.0,0.0,1.0,0.0,3.0,0.0,0.0,0.0,1
640,640,4.0,1.0,1.0,0.0,0.0,0.0,0.0,0.0,2.0,1.0,1.0,0.0,2
641,641,8.0,1.0,0.0,0.0,0.0,0.0,0.0,0.0,0.0,1.0,0.0,0.0,2
642,642,3.0,3.0,0.0,0.0,0.0,0.0,0.0,0.0,2.0,1.0,1.0,0.0,2
643,643,0.0,4.0,0.0,0.0,1.0,0.0,0.0,0.0,5.0,1.0,0.0,0.0,1
644,644,7.0,0.0,0.0,0.0,0.0,1.0,0.0,0.0,2.0,1.0,0.0,0.0,2
645,645,5.0,0.0,0.0,0.0,0.0,1.0,0.0,0.0,3.0,1.0,0.0,0.0,2
646,646,7.0,0.0,0.0,0.0,0.0,1.0,0.0,0.0,2.0,0.0,0.0,0.0,2
647,647,0.0,6.0,0.0,0.0,0.0,0.0,0.0,0.0,2.0,2.0,0.0,1.0,0
648,648,1.0,2.0,0.0,0.0,0.0,0.0,5.0,0.0,1.0,1.0,0.0,0.0,0
649,649,2.0,1.0,0.0,0.0,0.0,0.0,5.0,0.0,0.0,2.0,0.0,0.0,0
650,650,0.0,3.0,0.0,1.0,0.0,0.0,1.0,0.0,0.0,5.0,0.0,0.0,3
651,651,0.0,0.0,0.0,1.0,0.0,0.0,0.0,3.0,3.0,3.0,0.0,0.0,1
652,652,0.0,0.0,0.0,2.0,0.0,0.0,0.0,1.0,3.0,4.0,0.0,0.0,3
653,653,0.0,0.0,0.0,0.0,1.0,0.0,8.0,0.0,0.0,1.0,0.0,0.0,0
654,654,1.0,0.0,0.0,0.0,0.0,0.0,0.0,0.0,6.0,2.0,1.0,0.0,1
655,655,1.0,0.0,0.0,0.0,0.0,0.0,0.0,0.0,5.0,3.0,1.0,0.0,1
656,656,1.0,0.0,0.0,0.0,0.0,0.0,0.0,0.0,7.0,1.0,1.0,0.0,1
657,657,0.0,4.0,0.0,0.0,1.0,2.0,1.0,0.0,2.0,0.0,0.0,0.0,0
658,658,0.0,2.0,0.0,0.0,1.0,1.0,1.0,0.0,5.0,0.0,0.0,0.0,1
659,659,0.0,2.0,1.0,0.0,0.0,1.0,0.0,0.0,6.0,0.0,0.0,0.0,1
660,660,1.0,4.0,1.0,0.0,0.0,0.0,2.0,0.0,1.0,1.0,0.0,0.0,0
661,661,1.0,2.0,1.0,0.0,0.0,0.0,1.0,0.0,3.0,2.0,0.0,0.0,1
662,662,2.0,4.0,1.0,0.0,0.0,0.0,2.0,0.0,1.0,0.0,0.0,0.0,0
663,663,0.0,4.0,1.0,0.0,0.0,0.0,4.0,0.0,1.0,0.0,0.0,0.0,0
664,664,2.0,3.0,1.0,0.0,0.0,0.0,1.0,0.0,3.0,0.0,0.0,0.0,0
665,665,1.0,4.0,0.0,0.0,0.0,0.0,4.0,0.0,1.0,0.0,0.0,0.0,0
666,666,1.0,2.0,1.0,0.0,0.0,0.0,0.0,0.0,6.0,0.0,0.0,0.0,1
667,667,7.0,0.0,0.0,0.0,0.0,0.0,1.0,0.0,1.0,1.0,0.0,0.0,2
668,668,1.0,1.0,0.0,0.0,0.0,0.0,2.0,0.0,5.0,0.0,1.0,0.0,1
669,669,0.0,0.0,0.0,0.0,0.0,0.0,0.0,0.0,1.0,7.0,1.0,1.0,3
670,670,7.0,0.0,0.0,0.0,0.0,0.0,0.0,1.0,0.0,1.0,0.0,1.0,2
671,671,5.0,0.0,0.0,0.0,0.0,0.0,1.0,0.0,2.0,1.0,1.0,0.0,2
672,672,3.0,0.0,0.0,0.0,0.0,0.0,2.0,0.0,2.0,2.0,1.0,0.0,2
673,673,1.0,4.0,0.0,0.0,0.0,0.0,2.0,0.0,2.0,0.0,1.0,0.0,0
674,674,2.0,2.0,1.0,0.0,1.0,0.0,1.0,0.0,3.0,0.0,0.0,0.0,1
675,675,1.0,1.0,0.0,0.0,1.0,0.0,3.0,0.0,4.0,0.0,0.0,0.0,1
676,676,7.0,1.0,0.0,0.0,1.0,0.0,0.0,0.0,1.0,0.0,0.0,0.0,2
677,677,8.0,1.0,0.0,0.0,1.0,0.0,0.0,0.0,0.0,0.0,0.0,0.0,2
678,678,0.0,0.0,0.0,0.0,1.0,0.0,1.0,0.0,0.0,7.0,1.0,0.0,3
679,679,4.0,0.0,0.0,0.0,0.0,1.0,0.0,0.0,4.0,0.0,1.0,0.0,2
680,680,1.0,0.0,0.0,1.0,2.0,0.0,2.0,0.0,4.0,0.0,0.0,0.0,1
681,681,1.0,0.0,0.0,0.0,4.0,0.0,1.0,0.0,4.0,0.0,0.0,0.0,1
682,682,0.0,0.0,0.0,0.0,3.0,1.0,1.0,0.0,2.0,3.0,0.0,0.0,1
683,683,0.0,0.0,0.0,0.0,6.0,1.0,0.0,0.0,1.0,2.0,0.0,0.0,1
684,684,0.0,0.0,0.0,0.0,4.0,1.0,0.0,0.0,4.0,1.0,0.0,0.0,1
685,685,1.0,0.0,0.0,0.0,1.0,1.0,0.0,0.0,6.0,1.0,0.0,0.0,1
686,686,7.0,0.0,1.0,0.0,0.0,0.0,0.0,0.0,1.0,0.0,0.0,1.0,2
687,687,0.0,5.0,1.0,0.0,0.0,0.0,2.0,0.0,1.0,0.0,1.0,0.0,0
688,688,6.0,1.0,0.0,0.0,0.0,0.0,1.0,0.0,1.0,0.0,1.0,0.0,2
689,689,7.0,1.0,0.0,0.0,0.0,0.0,1.0,0.0,1.0,0.0,0.0,0.0,2
690,690,0.0,4.0,1.0,1.0,1.0,0.0,3.0,0.0,0.0,0.0,0.0,0.0,0
691,691,5.0,1.0,0.0,0.0,0.0,2.0,1.0,0.0,1.0,0.0,0.0,0.0,2
692,692,6.0,2.0,0.0,0.0,0.0,1.0,1.0,0.0,0.0,0.0,0.0,0.0,2
693,693,0.0,0.0,1.0,0.0,6.0,0.0,0.0,0.0,0.0,1.0,2.0,0.0,1
694,694,4.0,0.0,1.0,0.0,2.0,0.0,1.0,0.0,1.0,0.0,0.0,1.0,2
695,695,0.0,1.0,1.0,0.0,1.0,1.0,0.0,0.0,0.0,6.0,0.0,0.0,3
696,696,0.0,2.0,0.0,0.0,1.0,0.0,0.0,1.0,5.0,1.0,0.0,0.0,1
697,697,0.0,0.0,0.0,0.0,2.0,0.0,0.0,1.0,7.0,0.0,0.0,0.0,1
698,698,6.0,1.0,0.0,0.0,1.0,0.0,2.0,0.0,0.0,0.0,0.0,0.0,2
699,699,0.0,0.0,1.0,0.0,0.0,0.0,0.0,0.0,0.0,8.0,1.0,0.0,3
700,700,0.0,0.0,1.0,1.0,0.0,0.0,0.0,0.0,7.0,1.0,0.0,0.0,1
701,701,0.0,2.0,0.0,1.0,0.0,0.0,2.0,0.0,4.0,0.0,1.0,0.0,1
702,702,4.0,1.0,0.0,1.0,1.0,0.0,0.0,1.0,2.0,0.0,0.0,0.0,2
703,703,1.0,1.0,0.0,0.0,0.0,1.0,0.0,0.0,1.0,6.0,0.0,0.0,3
704,704,0.0,0.0,0.0,0.0,0.0,0.0,1.0,0.0,2.0,6.0,1.0,0.0,3
705,705,0.0,0.0,0.0,0.0,0.0,0.0,1.0,0.0,1.0,6.0,2.0,0.0,3
706,706,0.0,2.0,0.0,0.0,6.0,0.0,2.0,0.0,0.0,0.0,0.0,0.0,0
707,707,1.0,0.0,0.0,0.0,0.0,0.0,0.0,1.0,4.0,3.0,0.0,1.0,1
708,708,1.0,0.0,0.0,0.0,0.0,0.0,0.0,1.0,5.0,3.0,0.0,0.0,1
709,709,0.0,0.0,0.0,1.0,5.0,0.0,0.0,0.0,3.0,1.0,0.0,0.0,1
710,710,0.0,0.0,0.0,0.0,0.0,0.0,4.0,1.0,2.0,2.0,1.0,0.0,0
711,711,0.0,2.0,1.0,0.0,1.0,0.0,4.0,0.0,1.0,0.0,1.0,0.0,0
712,712,1.0,0.0,0.0,0.0,4.0,0.0,0.0,0.0,2.0,2.0,0.0,1.0,1
713,713,0.0,1.0,0.0,0.0,0.0,1.0,0.0,0.0,3.0,4.0,1.0,0.0,3
714,714,0.0,3.0,1.0,0.0,0.0,0.0,1.0,0.0,1.0,1.0,0.0,3.0,0
715,715,0.0,0.0,0.0,0.0,5.0,1.0,1.0,0.0,1.0,0.0,2.0,0.0,1
716,716,6.0,0.0,0.0,0.0,0.0,0.0,0.0,0.0,0.0,2.0,1.0,1.0,2
717,717,0.0,1.0,0.0,0.0,5.0,0.0,0.0,1.0,2.0,1.0,0.0,0.0,1
718,718,0.0,0.0,0.0,0.0,6.0,1.0,0.0,0.0,1.0,0.0,0.0,2.0,1
719,719,0.0,1.0,0.0,0.0,1.0,0.0,0.0,0.0,0.0,7.0,1.0,0.0,3
720,720,0.0,0.0,0.0,0.0,1.0,1.0,3.0,0.0,4.0,1.0,0.0,0.0,1
721,721,0.0,2.0,0.0,0.0,1.0,1.0,1.0,0.0,5.0,1.0,0.0,0.0,1
722,722,0.0,0.0,0.0,0.0,1.0,0.0,4.0,0.0,5.0,0.0,1.0,0.0,1
723,723,0.0,4.0,0.0,0.0,1.0,0.0,3.0,0.0,5.0,0.0,0.0,0.0,0
724,724,0.0,1.0,0.0,0.0,0.0,0.0,1.0,0.0,8.0,1.0,0.0,0.0,1
725,725,1.0,0.0,0.0,0.0,0.0,0.0,5.0,1.0,2.0,1.0,0.0,0.0,0
726,726,1.0,0.0,0.0,0.0,0.0,0.0,4.0,1.0,4.0,0.0,0.0,0.0,1
727,727,0.0,2.0,0.0,0.0,0.0,0.0,6.0,0.0,4.0,1.0,0.0,0.0,0
728,728,0.0,4.0,0.0,0.0,0.0,0.0,7.0,0.0,0.0,0.0,0.0,0.0,0
729,729,0.0,3.0,0.0,0.0,0.0,0.0,6.0,0.0,4.0,0.0,0.0,0.0,0
730,730,10.0,0.0,0.0,0.0,0.0,0.0,0.0,0.0,0.0,0.0,0.0,1.0,2
731,731,0.0,0.0,1.0,0.0,5.0,1.0,0.0,0.0,3.0,0.0,0.0,0.0,1
732,732,3.0,4.0,0.0,0.0,0.0,1.0,1.0,0.0,0.0,1.0,0.0,0.0,0
733,733,2.0,1.0,0.0,0.0,0.0,0.0,3.0,0.0,0.0,2.0,0.0,2.0,0
734,734,0.0,0.0,0.0,0.0,5.0,0.0,0.0,1.0,7.0,0.0,0.0,0.0,1
735,735,0.0,0.0,0.0,0.0,2.0,0.0,0.0,0.0,8.0,3.0,0.0,0.0,1
736,736,5.0,3.0,0.0,0.0,0.0,0.0,1.0,1.0,2.0,0.0,0.0,1.0,2
737,737,0.0,2.0,0.0,0.0,1.0,0.0,6.0,0.0,1.0,1.0,0.0,0.0,0
738,738,0.0,0.0,1.0,0.0,0.0,1.0,0.0,0.0,7.0,0.0,1.0,0.0,1
739,739,6.0,2.0,0.0,0.0,0.0,1.0,1.0,0.0,0.0,1.0,0.0,0.0,2
740,740,0.0,0.0,0.0,0.0,0.0,1.0,1.0,1.0,7.0,0.0,0.0,0.0,1
741,741,1.0,0.0,1.0,1.0,0.0,0.0,5.0,0.0,2.0,0.0,0.0,0.0,0
742,742,0.0,1.0,0.0,0.0,0.0,0.0,1.0,0.0,4.0,2.0,1.0,1.0,1
743,743,0.0,2.0,1.0,0.0,1.0,0.0,0.0,2.0,4.0,0.0,0.0,0.0,1
744,744,1.0,0.0,0.0,0.0,0.0,0.0,0.0,0.0,0.0,9.0,0.0,1.0,3
745,745,1.0,1.0,0.0,0.0,0.0,0.0,4.0,0.0,3.0,1.0,1.0,0.0,0
746,746,1.0,1.0,0.0,0.0,0.0,0.0,1.0,0.0,5.0,1.0,1.0,0.0,1
747,747,1.0,1.0,0.0,0.0,0.0,0.0,4.0,0.0,2.0,1.0,1.0,0.0,0
748,748,0.0,0.0,1.0,0.0,0.0,0.0,1.0,0.0,3.0,6.0,0.0,0.0,3
749,749,0.0,0.0,0.0,0.0,1.0,0.0,0.0,1.0,5.0,1.0,2.0,0.0,1
750,750,0.0,0.0,0.0,0.0,0.0,0.0,1.0,1.0,5.0,1.0,2.0,0.0,1
751,751,1.0,0.0,0.0,1.0,1.0,0.0,0.0,0.0,5.0,2.0,0.0,0.0,1
752,752,0.0,1.0,0.0,1.0,0.0,0.0,0.0,1.0,2.0,4.0,1.0,0.0,3
753,753,0.0,1.0,0.0,0.0,1.0,0.0,0.0,0.0,3.0,4.0,0.0,1.0,3
754,754,0.0,0.0,0.0,1.0,2.0,0.0,1.0,0.0,1.0,5.0,0.0,0.0,3
755,755,0.0,0.0,1.0,0.0,1.0,0.0,0.0,0.0,1.0,5.0,2.0,0.0,3
756,756,0.0,0.0,1.0,0.0,0.0,0.0,0.0,1.0,0.0,8.0,0.0,0.0,3
